–¢—Ä–∞–Ω–∑–∞–∫—Ü–∏—è;–°—É–º–º–∞;–î–∞—Ç–∞ –∏ –≤—Ä–µ–º—è;–ö–∞—Ç–µ–≥–æ—Ä–∏—è
–ó–∞—Ä–ø–ª–∞—Ç–∞;9999;2024-11-18 00:06:12;–ó–∞—Ä–ø–ª–∞—Ç–∞
–ü—Ä–æ–¥—É–∫—Ç—ã;-900;2024-11-18 00:19:02;–ï–¥–∞
–ù–î–§–õ;-1700;2024-11-18 00:19:35;–ù–∞–ª–æ–≥–∏
–ü—Ä–æ–µ–∑–¥ –Ω–∞ –∞–≤—Ç–æ–±—É—Å–µ;-222;2024-11-18 00:19:56;–¢—Ä–∞–Ω—Å–ø–æ—Ä—Ç
–¢–∞–∫—Å–∏;-333;2024-11-18 00:20:10;–¢—Ä–∞–Ω—Å–ø–æ—Ä—Ç
–≠–ª–µ–∫—Ç—Ä–∏—á–µ—Å—Ç–≤–æ;-680;2024-11-18 00:20:34;–ñ–ö–•
–ü–æ–ø–æ–ª–Ω–µ–Ω–∏–µ —Å—á–µ—Ç–∞;-250;2024-11-18 00:21:28;–°–≤—è–∑—å
–ü–æ–∫—É–ø–∫–∞ —Ä–µ—Å—Ç–æ—Ä–∞–Ω–∞;-1700;2024-11-18 00:21:42;–ï–¥–∞
üîå –°—Ü–µ–Ω–∞—Ä–∏–π 1;-200;2024-11-18 15:41:56;–ñ–ö–•
–ù–î–§–õ;-1000;2024-11-18 16:09:11;–ù–∞–ª–æ–≥–∏
–ü—Ä–æ–µ–∑–¥;-100;2024-11-18 16:18:22;–¢—Ä–∞–Ω—Å–ø–æ—Ä—Ç
–í–æ–¥–∞;-25;2024-11-18 16:19:23;–ñ–ö–•
–ü—Ä–æ–µ–∑–¥;-100;2024-11-18 16:19:23;–¢—Ä–∞–Ω—Å–ø–æ—Ä—Ç
–ü—Ä–æ–µ–∑–¥;-100;2024-11-18 16:42:03;–¢—Ä–∞–Ω—Å–ø–æ—Ä—Ç
–í–æ–¥–∞;-25;2024-11-18 16:43:03;–ñ–ö–•
–ü—Ä–æ–µ–∑–¥;-100;2024-11-18 16:43:03;–¢—Ä–∞–Ω—Å–ø–æ—Ä—Ç
–ü—Ä–æ–µ–∑–¥;-100;2024-11-18 16:44:54;–¢—Ä–∞–Ω—Å–ø–æ—Ä—Ç
–í–æ–¥–∞;-25;2024-11-18 16:45:54;–ñ–ö–•
–ü—Ä–æ–µ–∑–¥;-100;2024-11-18 16:45:54;–¢—Ä–∞–Ω—Å–ø–æ—Ä—Ç
–ü–æ–¥–ø–∏—Å–∫–∞;-190;2024-11-18 16:46:54;–°–≤—è–∑—å
–ü—Ä–æ–µ–∑–¥;-100;2024-11-18 16:46:54;–¢—Ä–∞–Ω—Å–ø–æ—Ä—Ç
–ü—Ä–æ–µ–∑–¥;-100;2024-11-18 16:52:03;–¢—Ä–∞–Ω—Å–ø–æ—Ä—Ç
–í–æ–¥–∞;-25;2024-11-18 16:53:03;–ñ–ö–•
–ü—Ä–æ–µ–∑–¥;-100;2024-11-18 16:53:03;–¢—Ä–∞–Ω—Å–ø–æ—Ä—Ç
–ü–æ–¥–ø–∏—Å–∫–∞;-190;2024-11-18 16:54:03;–°–≤—è–∑—å
–ü—Ä–æ–µ–∑–¥;-100;2024-11-18 16:54:03;–¢—Ä–∞–Ω—Å–ø–æ—Ä—Ç
–í–æ–¥–∞;-25;2024-11-18 16:55:03;–ñ–ö–•
–ü—Ä–æ–µ–∑–¥;-100;2024-11-18 16:55:03;–¢—Ä–∞–Ω—Å–ø–æ—Ä—Ç
–ü—Ä–æ–µ–∑–¥;-100;2024-11-18 16:56:03;–¢—Ä–∞–Ω—Å–ø–æ—Ä—Ç
–ü–æ–¥–ø–∏—Å–∫–∞;-190;2024-11-18 16:57:03;–°–≤—è–∑—å
–í–æ–¥–∞;-25;2024-11-18 16:57:03;–ñ–ö–•
–ü—Ä–æ–µ–∑–¥;-100;2024-11-18 16:57:03;–¢—Ä–∞–Ω—Å–ø–æ—Ä—Ç
–ü—Ä–æ–µ–∑–¥;-100;2024-11-18 16:58:03;–¢—Ä–∞–Ω—Å–ø–æ—Ä—Ç
–í–æ–¥–∞;-25;2024-11-18 16:59:03;–ñ–ö–•
–ü—Ä–æ–µ–∑–¥;-100;2024-11-18 16:59:03;–¢—Ä–∞–Ω—Å–ø–æ—Ä—Ç
–ü–æ–¥–ø–∏—Å–∫–∞;-190;2024-11-18 17:00:03;–°–≤—è–∑—å
–ü—Ä–æ–µ–∑–¥;-100;2024-11-18 17:00:03;–¢—Ä–∞–Ω—Å–ø–æ—Ä—Ç
–í–æ–¥–∞;-25;2024-11-18 17:01:03;–ñ–ö–•
–ü—Ä–æ–µ–∑–¥;-100;2024-11-18 17:01:03;–¢—Ä–∞–Ω—Å–ø–æ—Ä—Ç
–ü—Ä–æ–µ–∑–¥;-100;2024-11-18 17:02:03;–¢—Ä–∞–Ω—Å–ø–æ—Ä—Ç
